{
  "experiment_1_duration": {
    "n": 107,
    "duration_range": [
      33.0,
      302.1
    ],
    "duration_mean": 123.4196261682243,
    "r_c0_change": -0.16184807381920716,
    "p_c0_change": 0.0958119508026261,
    "r_c1_change": -0.03909651760640964,
    "p_c1_change": 0.6892888351958338,
    "r_gap_full": -0.021573089537224976,
    "p_gap_full": 0.8254363134591006,
    "r_gap_seg": 0.06825163818624365,
    "p_gap_seg": 0.4848500227268803,
    "short_gap_mean": 0.01659498225759577,
    "long_gap_mean": 0.03153612144853709,
    "short_vs_long_p": 0.3881782277324324
  },
  "experiment_2_quality": {
    "n_high": 71,
    "n_low": 36,
    "high_gap_mean": 0.015911708153049712,
    "high_d": 0.17343179525886243,
    "high_p": 0.15123704156764162,
    "low_gap_mean": 0.03993922777266966,
    "low_d": 0.5001792487792244,
    "low_p": 0.005502891308121179,
    "high_vs_low_p": 0.18867377565466928
  },
  "experiment_3_cross_audio": {
    "n": 107,
    "hach_c0": 0.027857210600278647,
    "hach_c1": 0.051852944045910766,
    "hach_gap": 0.023995733445632123,
    "hach_p": 0.0063106667499587795,
    "orig_c0": 0.03388151680075816,
    "orig_c1": 0.051862308398655084,
    "orig_gap": 0.017980791597896926,
    "orig_p": 0.02135046232190661,
    "gap_diff_p": 0.45056947158629945
  },
  "experiment_4_effect_size": {
    "n": 107,
    "full_c0": 0.060585490976260085,
    "full_c1": 0.08086327393321652,
    "full_gap": 0.020277782956956425,
    "full_d": 0.23264492742426543,
    "full_p": 0.018364301723223956,
    "seg_c0": 0.027857210600278647,
    "seg_c1": 0.051852944045910766,
    "seg_gap": 0.023995733445632123,
    "seg_d": 0.2706688744884579,
    "seg_p": 0.0063106667499587795,
    "gap_diff": 0.0037179504886756982,
    "gap_diff_p": 0.49150393246487567,
    "gap_agreement": 0.8130841121495327,
    "gap_correlation": 0.8011847544328209
  },
  "timestamp": "2026-03-31 22:38:30"
}