{
  "description": "Fused LAION CLAP alignment experiment",
  "model": "laion/clap-htsat-fused (enable_fusion=True)",
  "n_songs": 165,
  "results": {
    "C0": {
      "mean": 0.030513305217027664,
      "ci": [
        0.028478065179660915,
        0.03244692422449588
      ]
    },
    "C1": {
      "mean": 0.031446922570466995,
      "ci": [
        0.029387890920042993,
        0.03342730775475502
      ]
    },
    "C8": {
      "mean": 0.030203215777873993,
      "ci": [
        0.02815647628158331,
        0.03216538233682513
      ]
    }
  },
  "comparisons": {
    "C0 vs C1": {
      "d": -0.3680058404276028,
      "p": 5.187150622174541e-06,
      "t": -4.712776269592549
    },
    "C0 vs C8": {
      "d": 0.1373876271468929,
      "p": 0.08037069734396836,
      "t": 1.75942115274406
    },
    "C1 vs C8": {
      "d": 0.49603667351836145,
      "p": 2.0048007463193157e-09,
      "t": 6.352371738651559
    }
  },
  "per_song": {
    "c0": [
      0.02757774107158184,
      0.044676851481199265,
      0.04232533648610115,
      0.027398478239774704,
      0.02874074876308441,
      0.0352088026702404,
      0.028780803084373474,
      0.038925036787986755,
      0.03155219927430153,
      0.04729323461651802,
      0.03338325023651123,
      0.0027357982471585274,
      0.04280834272503853,
      0.046361491084098816,
      0.03476172685623169,
      0.04236931353807449,
      0.0395786426961422,
      0.024384409189224243,
      0.01186477579176426,
      -0.00985298864543438,
      0.04301723092794418,
      0.04439297690987587,
      0.0312577448785305,
      0.03902777284383774,
      0.041987814009189606,
      0.02351713366806507,
      0.04095807671546936,
      0.029340609908103943,
      0.03106972575187683,
      0.04466678947210312,
      0.03349190205335617,
      0.029741011559963226,
      0.03647865355014801,
      0.018902510404586792,
      0.009317794814705849,
      0.03607308864593506,
      0.02950376458466053,
      0.03326481953263283,
      0.049548596143722534,
      0.03848208114504814,
      0.01732528582215309,
      0.040087711066007614,
      0.021915510296821594,
      0.033822640776634216,
      0.04346379637718201,
      0.04299034923315048,
      0.04128082096576691,
      0.03696956858038902,
      0.021383337676525116,
      0.0398610383272171,
      0.0350898876786232,
      0.027370024472475052,
      0.03843364864587784,
      0.035438746213912964,
      -0.021654559299349785,
      0.013230768032371998,
      0.034491170197725296,
      0.027701927348971367,
      0.026110034435987473,
      0.033271584659814835,
      0.0410381518304348,
      0.028104081749916077,
      0.0460892990231514,
      0.041073866188526154,
      0.0341835655272007,
      0.04932423681020737,
      0.03649931773543358,
      0.038935720920562744,
      0.011619513854384422,
      0.045980121940374374,
      0.03498923406004906,
      0.023989345878362656,
      0.008858505636453629,
      0.04213697463274002,
      0.02081279829144478,
      0.03243733197450638,
      0.03727777302265167,
      0.018389547243714333,
      0.03279505670070648,
      0.013739477843046188,
      0.012537466362118721,
      0.03296244889497757,
      0.03721979260444641,
      0.03562255948781967,
      0.04249736666679382,
      0.031415488570928574,
      0.029330380260944366,
      0.0032752258703112602,
      0.03736963868141174,
      0.025320272892713547,
      0.030129656195640564,
      0.04091523587703705,
      0.036202698945999146,
      0.02268354594707489,
      0.04016629606485367,
      0.03473399579524994,
      0.042149364948272705,
      0.027656521648168564,
      0.04406994581222534,
      0.02940320037305355,
      0.043634794652462006,
      0.0304732508957386,
      0.010084129869937897,
      0.03332030028104782,
      0.007954489439725876,
      0.002466544508934021,
      0.03479249030351639,
      0.0167172122746706,
      0.035737019032239914,
      0.04172641411423683,
      0.0357871949672699,
      0.020307354629039764,
      0.018549837172031403,
      0.035200729966163635,
      0.03938762843608856,
      0.03749435395002365,
      0.04095923900604248,
      0.0323963463306427,
      0.02279992401599884,
      0.037232570350170135,
      0.04310734570026398,
      0.04238021373748779,
      0.0235205739736557,
      0.031479597091674805,
      0.03313228487968445,
      -0.006829807534813881,
      0.0009039957076311111,
      0.024319184944033623,
      0.03614827245473862,
      0.03706672415137291,
      0.04462078586220741,
      0.025375396013259888,
      0.02548016607761383,
      0.03588569909334183,
      0.03041328489780426,
      0.03344777971506119,
      0.040060993283987045,
      0.027918584644794464,
      -0.018849853426218033,
      -0.0025879191234707832,
      0.04477309063076973,
      0.032415587455034256,
      0.030982978641986847,
      0.03835181146860123,
      0.03959058225154877,
      0.029074715450406075,
      0.033295679837465286,
      0.027853768318891525,
      0.045661356300115585,
      0.03732994198799133,
      -0.006303917150944471,
      0.03001962974667549,
      0.005052077118307352,
      0.04018623009324074,
      0.03948501497507095,
      0.023459631949663162,
      0.03983327001333237,
      0.03726565092802048,
      0.02921505644917488,
      0.031906574964523315,
      0.024964237585663795,
      0.01218380406498909,
      0.03771648555994034,
      0.0341251865029335,
      0.04394830763339996
    ],