{
  "description": "Homophone phonology control experiment",
  "n_songs": 166,
  "c0_mean": 0.06205161660909653,
  "c0_ci": [
    0.05123508740216494,
    0.07316098753362893
  ],
  "homo_mean": 0.05135604366660118,
  "homo_ci": [
    0.039823522139340636,
    0.06249075094237923
  ],
  "homo_vs_c0": {
    "d": -0.26888843083804354,
    "t": -3.4539346621034017,
    "p": 0.0007021770091047822,
    "wilcoxon_p": 0.0023490063282461953,
    "homo_wins": 65
  },
  "replacement_rate": 0.7588339780283683,
  "per_song_c0": [
    -0.04305678978562355,
    0.07668210566043854,
    -0.031157948076725006,
    0.13173581659793854,
    -0.07004424929618835,
    -0.008172880858182907,
    0.206394761800766,
    0.06029501557350159,
    -0.06422566622495651,
    -0.044415831565856934,
    0.06998936086893082,
    0.05227278172969818,
    0.017322257161140442,
    -0.008650068193674088,
    -0.007354285567998886,
    0.09741610288619995,
    0.04088170453906059,
    0.08672408759593964,
    -0.050912272185087204,
    0.0801011323928833,
    0.0958663746714592,
    0.04161686822772026,
    0.09772178530693054,
    0.0679507702589035,
    0.18003569543361664,
    -0.040128424763679504,
    0.10028889775276184,
    0.011050358414649963,
    -0.04631422087550163,
    0.12990882992744446,
    -0.0576881468296051,
    0.18005284667015076,
    0.11909705400466919,
    0.11284860968589783,
    0.29029062390327454,
    0.061211079359054565,
    0.12751829624176025,
    0.0021163523197174072,
    0.0871681496500969,
    0.033424850553274155,
    0.008274929597973824,
    -0.030587557703256607,
    0.12856364250183105,
    0.05655357986688614,
    -0.042731210589408875,
    0.02471763640642166,
    0.254027396440506,
    -0.06902933120727539,
    0.09445402026176453,
    0.01540875993669033,
    0.039148855954408646,
    0.1291237473487854,
    -0.03728294000029564,
    0.05327862501144409,
    0.051821768283843994,
    -0.05561860650777817,
    0.09501862525939941,
    0.06644702702760696,
    0.03817944601178169,
    0.04326508194208145,
    0.2249922752380371,
    0.09835145622491837,
    0.07547350972890854,
    0.08013410121202469,
    0.01820472627878189,
    -0.06274528801441193,
    0.1211785301566124,
    0.009914740920066833,
    0.09963186085224152,
    0.02924247272312641,
    0.06905393302440643,
    0.1003599688410759,
    0.08826057612895966,
    0.07039907574653625,
    0.07788893580436707,
    0.08392852544784546,
    0.04154496639966965,
    0.13819670677185059,
    0.15462219715118408,
    0.18286176025867462,
    0.044858500361442566,
    0.0629502385854721,
    0.000304490327835083,
    0.06854480504989624,
    0.01962224207818508,
    0.11993493139743805,
    -0.03899715840816498,
    -0.004097113385796547,
    0.11662869900465012,
    0.09533769637346268,
    0.10792557895183563,
    0.02315102145075798,
    0.07192311435937881,
    0.09102658927440643,
    0.12816515564918518,
    0.19157275557518005,
    0.13247127830982208,
    0.07704807817935944,
    -0.03608618676662445,
    -0.015082495287060738,
    0.0544409453868866,
    -0.012065652757883072,
    0.18786008656024933,
    0.14682404696941376,
    0.11056284606456757,
    0.08250539004802704,
    0.1676926612854004,
    -0.01845511794090271,
    0.05439656972885132,
    0.07102113962173462,
    0.044580843299627304,
    0.05974497273564339,
    0.058478500694036484,
    0.11931765824556351,
    0.06502384692430496,
    0.06546290963888168,
    0.018936727195978165,
    0.23037829995155334,
    -0.051354456692934036,
    -0.0016367826610803604,
    -0.06645020097494125,
    0.0028907842934131622,
    0.011202797293663025,
    0.18242979049682617,
    0.03676554188132286,
    0.17577871680259705,
    0.05000445246696472,
    0.12188989669084549,
    -0.0022159963846206665,
    -0.0009385887533426285,
    0.01714656874537468,
    0.09661480784416199,
    0.04419383034110069,
    0.15375301241874695,
    -0.057089995592832565,
    0.05249195918440819,
    -0.05557379126548767,
    -0.014863485470414162,
    -0.0334959551692009,
    -0.008534975349903107,
    0.1518092304468155,
    0.07141326367855072,
    0.23869219422340393,
    0.029082614928483963,
    0.07136067748069763,
    0.060017965734004974,
    0.05903235450387001,
    0.08538911491632462,
    0.04920303821563721,
    0.03575390949845314,
    0.16329121589660645,
    0.1772853434085846,
    0.0018017906695604324,
    0.021705128252506256,
    0.1431128978729248,
    0.05943189561367035,
    0.1298339068889618,
    0.12622204422950745,
    -0.015358962118625641,
    0.13374385237693787,
    -0.01513916440308094,
    0.035265207290649414,
    0.022802073508501053,
    0.11194761097431183,
    0.05600912868976593,
    0.11776144802570343
  ],