{
  "description": "msCLAP truncation control experiment",
  "n_songs": 165,
  "standard_truncation": {
    "C0": {
      "mean": 0.22024732688826107,
      "ci": [
        0.2072341568587048,
        0.23314408249640003
      ]
    },
    "C8": {
      "mean": 0.19039613094563557,
      "ci": [
        0.17929759769428977,
        0.20176940596982812
      ]
    },
    "C1": {
      "mean": 0.2431658754470561,
      "ci": [
        0.2296894494712111,
        0.2567218082630665
      ]
    },
    "C0_vs_C8": {
      "d": 0.44354336402337363,
      "p": 5.995041612243048e-08
    }
  },
  "length_matched": {
    "C0": {
      "mean": 0.21729585649147115,
      "ci": [
        0.20469885944116653,
        0.2301784722580312
      ]
    },
    "C8": {
      "mean": 0.19049346553792806,
      "ci": [
        0.1791862391301702,
        0.20187681548946246
      ]
    },
    "C1": {
      "mean": 0.24222242037367142,
      "ci": [
        0.2301908076968791,
        0.2543031787049207
      ]
    },
    "C0_vs_C8": {
      "d": 0.3762558483065712,
      "p": 3.274234751718902e-06
    },
    "C1_vs_C0": {
      "d": 0.3200068036379699,
      "p": 6.535914417536236e-05
    }
  },
  "per_song": {
    "c0_std": [
      0.35205474864911224,
      0.3200874513948403,
      0.08119495491676736,
      0.1915340445577038,
      0.1331378523258166,
      0.31543275591162684,
      0.23787511824845414,
      0.30122074828098744,
      0.29608409605916364,
      0.26083093448852307,
      0.1270394651532693,
      0.06374375299584137,
      0.16521452639829004,
      0.2850740756996921,
      0.27693490013026323,
      0.15089925849559305,
      0.15026208403387548,
      0.18430399059038624,
      0.27715401615136737,
      0.23702059894057365,
      0.11452259619312563,
      0.18550866628744117,
      0.1742845692003749,
      0.22443022902820592,
      0.24316111755268272,
      0.44205325376175575,
      0.1324801739854697,
      0.1884628829393311,
      0.376166527123446,
      0.30760244687922106,
      0.4046095854672184,
      0.19610016499831784,
      0.22686821064730125,
      0.3293986629734589,
      0.39983925702603473,
      0.1649167527338753,
      0.3585728607451675,
      0.2174828545280792,
      0.1657421101764758,
      0.22505179999551556,
      0.3638540750208993,
      0.28065309147685213,
      0.12330399071376111,
      0.19796181586715628,
      0.21757949186937586,
      0.14399129148927314,
      0.2279377285607649,
      0.23941599806826339,
      0.28838396538699684,
      0.19621782708745578,
      0.2869104128931051,
      0.22166506707772887,
      0.1523525007437391,
      0.1881791861725115,
      0.24864247606715578,
      0.21354168325599307,
      0.29446651960069337,
      0.3624300313156278,
      0.30546794628822804,
      0.16122228776320266,
      0.19416092608738073,
      0.18686074950687584,
      0.2101606752627751,
      0.22663528404560582,
      0.20501336212031493,
      0.1780431608534489,
      0.2735748742621812,
      0.24382947061909682,
      0.1897621644251932,
      0.0328638169086722,
      0.24168722343302693,
      0.2174260592895322,
      0.3806378540397004,
      0.15709390804167866,
      0.2392858109935797,
      0.2124783479983981,
      0.29760462840927865,
      0.29156854291513473,
      0.19914899024416943,
      0.21634702539520761,
      0.3177267393488844,
      0.17604221082838933,
      0.21398047833899225,
      0.13316829002520159,
      0.2628221201755717,
      0.38271886014553663,
      0.2410314630766183,
      0.1403519625680047,
      0.10307272144830398,
      0.19363977588421388,
      0.3193187987196028,
      0.13462965757022813,
      0.31629646758418145,
      0.0,
      0.2887117594404841,
      0.09491423814390235,
      0.25574349465327517,
      0.21324677040203682,
      0.1712102552676342,
      0.17107471377038358,
      0.1459987920786029,
      0.1751452402692039,
      0.21303048734009145,
      0.2805428320855348,
      0.25473757738150593,
      0.19652406417279056,
      0.138389985723253,
      0.26639621676043174,
      0.42033249843990284,
      0.18039711639244901,
      0.09839442863411017,
      0.27863164492873194,
      0.16886127876688511,
      0.18044355509558452,
      0.18303411313682516,
      0.14045296496744908,
      0.11154979864512579,
      0.16614347634924187,
      0.44703313092417557,
      0.34885263619183776,
      0.23419596919540916,
      0.2299225226534719,
      0.26816102084451837,
      0.12755917967134534,
      0.1838446847649689,
      0.16799992659314564,
      0.2027015273444213,
      0.1916417326878509,
      0.1506984861827606,
      0.25587627356454273,
      0.16251022441931928,
      0.31479568873562624,
      0.14112528146132164,
      0.2869268788007905,
      0.24764671541469674,
      0.09305277203054466,
      0.318854456311071,
      0.09661952836333601,
      0.14381681224572343,
      0.30052759690622977,
      0.20590074709527273,
      0.47443672787021973,
      0.22105071497992618,
      0.2417489294983547,
      0.0,
      0.17471862326038543,
      0.16317036444310162,
      0.0,
      0.20867490489628737,
      0.1722665094618883,
      0.1727917483142769,
      0.28838213736044116,
      0.2792291886455537,
      0.18825801757426616,
      0.1512372336664436,
      0.1729752758325681,
      0.3286053330933539,
      0.18834434041903772,
      0.2987428599003139,
      0.2408041279487822,
      0.0,
      0.18710051236421799,
      0.21531972509188363,
      0.322026715056528,
      0.20378024382598714
    ],