{
  "description": "Condition-ranking retrieval metrics",
  "n_songs": 166,
  "top1_condition_counts": {
    "C4": 122,
    "C3": 5,
    "C1": 9,
    "C2": 9,
    "C6b": 7,
    "C6": 7,
    "C5": 2,
    "C0": 3,
    "C7": 2
  },
  "c0_rank_distribution": {
    "1": 3,
    "2": 13,
    "3": 16,
    "4": 19,
    "5": 19,
    "6": 14,
    "7": 25,
    "8": 27,
    "9": 30
  },
  "c0_median_rank": 6.0,
  "c0_mean_rank": 5.981927710843373,
  "paired_ranking": {
    "c1_vs_c0": {
      "c1_wins": 98,
      "c0_wins": 68,
      "ties": 0
    },
    "c1_win_rate": 0.5903614457831325
  },
  "recall_at_k": {
    "R@1": 0.018072289156626505,
    "R@3": 0.1927710843373494,
    "R@5": 0.42168674698795183,
    "R@10": 1.0
  },
  "mrr_by_condition": {
    "C0": {
      "mrr": 0.21684595524956968,
      "median_rank": 6.0
    },
    "C1": {
      "mrr": 0.27843516924842227,
      "median_rank": 5.0
    },
    "C2": {
      "mrr": 0.31779020845285905,
      "median_rank": 4.0
    },
    "C3": {
      "mrr": 0.249411933448078,
      "median_rank": 5.0
    },
    "C4": {
      "mrr": 0.8287817938420349,
      "median_rank": 1.0
    },
    "C5": {
      "mrr": 0.213226716389367,
      "median_rank": 6.0
    },
    "C6": {
      "mrr": 0.26517737617135206,
      "median_rank": 5.0
    },
    "C6b": {
      "mrr": 0.2742661120673169,
      "median_rank": 5.0
    },
    "C7": {
      "mrr": 0.18503298909925417,
      "median_rank": 7.0
    }
  },
  "three_way": {
    "n_songs": 165,
    "c0_wins": 38,
    "c1_wins": 80,
    "c8_wins": 47,
    "c1_gt_c0": 98,
    "c8_gt_c0": 89,
    "c1_gt_c8": 92
  }
}